name,David Walsh,Nonso Nnamoko,Hafeez Ullah Amin,Dan Campbell,Ghada Nakhla,Yannis Korkontzelos
David Walsh,1.0000000000000004,0.05943302842248967,0.05429420378184074,0.07383577511331978,0.07390243783812443,0.02294020827528239
Nonso Nnamoko,0.05943302842248967,0.9999999999999994,0.10902230287966595,0.004821486344250008,0.05440663038477725,0.05378912954432993
Hafeez Ullah Amin,0.05429420378184074,0.10902230287966595,1.0000000000000016,0.023936848958145192,0.06263273364934296,0.08762548039027347
Dan Campbell,0.07383577511331978,0.004821486344250008,0.023936848958145192,0.9999999999999998,0.0,0.03456687892953178
Ghada Nakhla,0.07390243783812443,0.05440663038477725,0.06263273364934296,0.0,1.00000000000001,0.037164780648744095
Yannis Korkontzelos,0.02294020827528239,0.05378912954432993,0.08762548039027347,0.03456687892953178,0.037164780648744095,1.000000000000005
