name,David Walsh,Nonso Nnamoko,Hafeez Ullah Amin,Dan Campbell,Ghada Nakhla,Yannis Korkontzelos
David Walsh,1.0000000000000007,0.3122045000087396,0.315145788648675,0.20862073568243736,0.38589624011457374,0.26711876979089144
Nonso Nnamoko,0.3122045000087396,1.0000000000000007,0.5346152104252211,0.11987120764051068,0.45427975675133403,0.46825487493799745
Hafeez Ullah Amin,0.315145788648675,0.5346152104252211,0.9999999999999984,0.13540534173325913,0.4439154437489786,0.47800152983857264
Dan Campbell,0.20862073568243736,0.11987120764051068,0.13540534173325913,1.0,0.1273859510596964,0.15318888191356253
Ghada Nakhla,0.38589624011457374,0.45427975675133403,0.4439154437489786,0.1273859510596964,1.0000000000000013,0.5049818387108465
Yannis Korkontzelos,0.26711876979089144,0.46825487493799745,0.47800152983857264,0.15318888191356253,0.5049818387108465,0.9999999999999989
